,Nucleus,Mean shielding,Chemical shifts,Sampling error,ML error,Total error
0,C1,36.454901343346094,1.4360614133568461,0.030955021041847615,0.7497794073172068,0.7807344283590545
1,C2,37.88376353449887,0.007199222204071987,0.030718182508293047,0.7070620100193743,0.7377801925276674
2,C3,39.33422339226385,-1.443260635560911,0.030652920645742276,0.7008127229152022,0.7314656435609446
3,H1,25.284345013768025,-1.1032681657544359,0.0029276558708652397,0.07475518315570778,0.07768283902657303
4,H2,23.70525653859778,0.4758203094158091,0.0032570953563584915,0.07595403595398924,0.07921113131034772
5,H3,23.553628991674955,0.6274478563386339,0.003191416089169598,0.073127172232531,0.0763185883217006
