,Nucleus,Mean shielding,Chemical shifts,Sampling error,ML error,Total error
0,C1,34.495993789767795,0.2793887173225542,0.032160028604435544,0.7559989416330694,0.7881589702375049
1,C2,35.34281179869836,-0.5674292916080077,0.03139303448424275,0.6575841073779912,0.688977141862234
2,C3,34.487341932804895,0.2880405742854535,0.03206809797071518,0.6573468795786839,0.6894149775493991
3,H1,24.015955722381268,-0.18741933851176285,0.0031929921857182762,0.08309206986510181,0.0862850620508201
4,H2,24.017384257173568,-0.18884787330406283,0.003208065334597755,0.0832286114334608,0.08643667676805855
5,H3,23.45226917205368,0.3762672118158257,0.0031513728579787422,0.09066645729662329,0.09381783015460203
