,Nucleus,Mean shielding,Chemical shifts,Sampling error,ML error,Total error
0,C1,36.52194593980581,1.2704278031315965,0.043682430261479124,0.6695018116353765,0.7131842418968556
1,C2,38.248820477849435,-0.4564467349120278,0.04345716928509739,0.69183738881856,0.7352945581036574
2,C3,38.60635481115698,-0.8139810682195758,0.043002227651642994,0.6807765259118533,0.7237787535634963
3,H1,25.440659317117937,-1.2737500171888065,0.004629101658841597,0.0980468490761372,0.1026759507349788
4,H2,23.84234565711794,0.3245636428111922,0.004526611736835879,0.08792256359875202,0.0924491753355879
5,H3,23.21772292555152,0.9491863743776108,0.004613804767706944,0.0965453827383106,0.10115918750601754
