,Nucleus,Mean shielding,Chemical shifts,Sampling error,ML error,Total error
0,C1,35.91172400337359,0.9076895834470946,0.059644464757989665,,0.059644464757989665
1,C2,37.49514499242501,-0.6757314056043242,0.05990402040164735,,0.05990402040164735
2,C3,37.05137176466346,-0.2319581778427704,0.05887985551688447,,0.05887985551688447
3,H1,25.096108172791812,-1.0396246977039247,0.007820273853433483,,0.007820273853433483
4,H2,23.682178545029736,0.3743049300581518,0.008182707598356018,,0.008182707598356018
5,H3,23.391163707442114,0.6653197676457729,0.007506309843280989,,0.007506309843280989
