,Nucleus,Mean shielding,Chemical shifts,Sampling error,ML error,Total error
0,C1,-4.842332668020208,58.63621359771314,0.07089412319497619,,0.07089412319497619
1,C2,112.43009452740607,-58.63621359771314,0.14136124265622352,,0.14136124265622352
2,N1,206.6572552939501,0.0,0.3686974159780017,,0.3686974159780017
3,H1,25.927669879613195,-1.3861741072885287,0.01521710130009127,,0.01521710130009127
4,H2,26.252872459648984,-1.711376687324318,0.014871607841089596,,0.014871607841089596
5,H3,21.44394497771182,3.0975507946128467,0.026567801449205928,,0.026567801449205928
