,Nucleus,Mean shielding,Chemical shifts,Sampling error,ML error,Total error
0,C1,-2.704267063158615,64.80466075039548,0.06165445889639258,1.1266407756666101,1.1882952345630027
1,C2,126.90505443763236,-64.80466075039548,0.05450556071965094,1.7430130280732097,1.7975185887928606
2,N1,193.6588128749942,0.0,0.08871035492741379,3.3394902383218716,3.4282005932492856
3,H1,26.071823327463953,-1.2745297809437623,0.011846041639374423,0.43049485367835233,0.44234089531772675
4,H2,26.385044750856224,-1.5877512043360333,0.012134991399622345,0.43683018101396287,0.4489651724135852
5,H3,21.935012561240395,2.8622809852797957,0.01359703910637186,0.43777851423482855,0.4513755533412004
