,Nucleus,Mean shielding,Chemical shifts,Sampling error,ML error,Total error
0,C1,-12.558635556279162,67.32433840904312,0.06952601076977488,1.6407851944315153,1.71031120520129
1,C2,122.09004126180709,-67.32433840904312,0.05824594910755724,2.09499861978393,2.153244568891487
2,N1,194.85898214492934,0.0,0.08819601560767842,4.032147137931062,4.120343153538741
3,H1,25.754026297321026,-1.694837575093171,0.013071212865083273,0.4379060185334207,0.450977231398504
4,H2,25.846079282952275,-1.7868905607244194,0.012985983924778004,0.4567441289329882,0.4697301128577662
5,H3,20.577460586410258,3.4817281358175975,0.019634876427610446,0.4157906004356315,0.43542547686324196
