,Nucleus,Mean shielding,Chemical shifts,Sampling error,ML error,Total error
0,C1,-7.2704322699222494,61.65740718959067,0.05463621366066496,,0.05463621366066496
1,C2,116.0443821092591,-61.65740718959068,0.11875758530488538,,0.11875758530488538
2,N1,201.44213104127218,0.0,0.26024436618306873,,0.26024436618306873
3,H1,25.70492546674175,-1.4446834135178825,0.012299983947419818,,0.012299983947419818
4,H2,26.579908762871412,-2.319666709647546,0.011820053808975252,,0.011820053808975252
5,H3,20.495891930058438,3.7643501231654284,0.020566832094444612,,0.020566832094444612
