,Nucleus,Mean shielding,Chemical shifts,Sampling error,ML error,Total error
0,C1,-4.9934111439760045,66.65989572322016,0.05293424930845947,0.5008655856916233,0.5537998350000828
1,C2,128.32638030246432,-66.65989572322016,0.04825992027580156,0.905779527146855,0.9540394474226566
2,N1,191.32193677833513,0.0,0.07996403097306998,1.1696882589158952,1.2496522898889653
3,H1,26.545475379016196,-1.707903586363127,0.011534597087182772,0.13812936157617733,0.1496639586633601
4,H2,27.11514594874385,-2.2775741560907825,0.010530248637227065,0.11719538766894672,0.12772563630617378
5,H3,20.85209405019916,3.9854777424539094,0.013009031269716205,0.16616164051782875,0.17917067178754495
