,Nucleus,Mean shielding,Chemical shifts,Sampling error,ML error,Total error
0,C1,-15.5552022073619,69.23679894453461,0.05896796583853449,1.192847849185097,1.2518158150236314
1,C2,122.91839568170732,-69.23679894453461,0.048343922246409224,1.6076478189173304,1.6559917411637397
2,N1,189.44703934892945,0.0,0.08066090102260585,2.006631124854047,2.087292025876653
3,H1,26.221374079590856,-1.8472135781092298,0.011802280835732556,0.264382947399774,0.27618522823550656
4,H2,26.239126208691278,-1.8649657072096524,0.011818161635586548,0.26721295894474073,0.27903112058032725
5,H3,20.661981216162747,3.7121792853188786,0.017456967804198285,0.3229562281745658,0.3404131959787641
