,Nucleus,Mean shielding,Chemical shifts,Sampling error,ML error,Total error
0,C1,-8.935808774737923,63.470892385668996,0.04635588030514979,,0.04635588030514979
1,C2,118.00597599660007,-63.470892385668996,0.09850283850063848,,0.09850283850063848
2,N1,201.0315266243669,0.0,0.24651827411415173,,0.24651827411415173
3,H1,25.526439859013788,-1.626470627074724,0.010697660962028618,,0.010697660962028618
4,H2,25.88104832412167,-1.9810790921826076,0.010064708889077238,,0.010064708889077238
5,H3,20.292419512681732,3.6075497192573316,0.020728364491050647,,0.020728364491050647
