,Nucleus,Mean shielding,Chemical shifts,Sampling error,ML error,Total error
0,C1,-6.463556680291023,67.29617080503539,0.04451496264228269,1.1384479876487996,1.1829629502910823
1,C2,128.12878492977975,-67.29617080503539,0.03938788891334009,1.5619398890549516,1.6013277779682917
2,N1,193.12111642199451,0.0,0.0637145010167238,2.191740661651131,2.2554551626678547
3,H1,26.24286056968898,-1.5911792674396814,0.00921355642470593,0.25774877864866647,0.2669623350733724
4,H2,26.65381156230081,-2.002130260051512,0.009254083848535459,0.2519216732675076,0.261175757116043
5,H3,21.058371774758097,3.5933095274912006,0.015262152409370245,0.3398512530092522,0.3551134054186224
