,Nucleus,Mean shielding,Chemical shifts,Sampling error,ML error,Total error
0,C1,-15.95937790634249,69.93235632832845,0.04405315785942324,1.1062038883584864,1.1502570462179096
1,C2,123.90533475031442,-69.93235632832847,0.03730233169648703,1.3771743126207026,1.4144766443171897
2,N1,193.7405471107586,0.0,0.06053808335472854,2.2849508983633773,2.345488981718106
3,H1,25.787741300080256,-1.5904311451736923,0.009405216836159292,0.2508388751459909,0.2602440919821502
4,H2,26.336278937320024,-2.1389687824134604,0.008357460295066465,0.2501358257759665,0.25849328607103295
5,H3,20.467910227319408,3.7293999275871563,0.016418062454423246,0.3351523136161226,0.3515703760705458
