,Nucleus,Mean shielding,Chemical shifts,Sampling error,ML error,Total error
0,C1,141.58595762378354,-77.67799338761701,0.04632860505785219,0.8541297038564805,0.9004583089143327
1,C2,-13.770029151450471,77.67799338761701,0.05067764757876903,0.7592966830429572,0.8099743306217262
2,H1,27.29831692441941,-3.786606641773094,0.010646300096323308,0.1468641638427398,0.1575104639390631
3,H2,27.617940736450475,-4.106230453804159,0.010298759890600527,0.16307473673927617,0.1733734966298767
4,H3,15.618873187069056,7.89283709557726,0.017267863113895582,0.19672925219697723,0.21399711531087282
