,Nucleus,Mean shielding,Chemical shifts,Sampling error,ML error,Total error
0,C1,125.4074217478769,-70.23684037898701,0.12376193238488865,,0.12376193238488865
1,C2,-15.066259010097115,70.23684037898701,0.04927738985192729,,0.04927738985192729
2,H1,26.558806751291534,-3.504005310873204,0.012616958177605175,,0.012616958177605175
3,H2,26.813359587151822,-3.758558146733492,0.012044884710008644,,0.012044884710008644
4,H3,15.79223798281164,7.26256345760669,0.03110196460110273,,0.03110196460110273
