,Nucleus,Mean shielding,Chemical shifts,Sampling error,ML error,Total error
0,C1,138.49033029538958,-80.88246853042749,0.04305081520760049,0.8862223652062801,0.9292731804138805
1,C2,-23.274606765465396,80.88246853042749,0.05064873894184419,0.8364969476470762,0.8871456865889203
2,H1,27.12652569105768,-4.492998361456273,0.009898273276493442,0.20679631731416498,0.21669459059065843
3,H2,27.287912516216544,-4.654385186615137,0.00979642350271343,0.21650870024694346,0.2263051237496569
4,H3,13.486143781529993,9.147383548071414,0.016480519986640022,0.2133685243837861,0.2298490443704261
