,Nucleus,Mean shielding,Chemical shifts,Sampling error,ML error,Total error
0,C1,123.92447470114182,-70.07931490948027,0.13185398655936564,,0.13185398655936564
1,C2,-16.23415511781874,70.07931490948027,0.05113297218980654,,0.05113297218980654
2,H1,26.48551692600191,-3.3543901374904337,0.013313722524987968,,0.013313722524987968
3,H2,26.805833951676583,-3.674707163165106,0.01252548299640766,,0.01252548299640766
4,H3,16.102029487855926,7.02909730065555,0.03297409152077559,,0.03297409152077559
