,Nucleus,Mean shielding,Chemical shifts,Sampling error,ML error,Total error
0,C1,141.21974414580825,-77.00656157952773,0.04861094846477453,0.7753101673079202,0.8239211157726948
1,C2,-12.793379013247195,77.00656157952771,0.052196732961791906,0.6431988426436788,0.6953955756054707
2,H1,27.281132293461237,-3.569807746669035,0.011009607463986413,0.1345330771450205,0.1455426846090069
3,H2,27.648030727685644,-3.9367061808934416,0.010684036810958069,0.13735301979525305,0.1480370566062111
4,H3,16.20481061922973,7.506513927562473,0.017516141885919875,0.1837527328496281,0.20126887473554797
