,Nucleus,Mean shielding,Chemical shifts,Sampling error,ML error,Total error
0,C1,138.6365399245804,-80.93691950103442,0.04299520293230114,1.1114446630929233,1.1544398660252244
1,C2,-23.237299077488462,80.93691950103444,0.05015464121948349,1.0110834953386985,1.061238136558182
2,H1,27.63356789274588,-4.869235041052953,0.009653650011299971,0.21188801573048038,0.22154166574178036
3,H2,26.49656821939354,-3.732235367700614,0.010450633644456043,0.2842224087646267,0.2946730424090827
4,H3,14.162862442939355,8.601470408753572,0.016281490436357217,0.2969423801367842,0.31322387057314144
